Subbasin,cat,Region,AC_rank
0,0,Nepal,2
1,1676,Tibet,0
2,1562,Tibet,0
3,1558,Tibet,0
4,1560,Tibet,0
5,1770,Tibet,0
6,644,Tibet,3
7,596,Tibet,0
8,640,Tibet,3
9,1686,Tibet,0
10,1126,Tibet,3
11,1688,Tibet,0
12,1990,Tibet,0
13,1774,Tibet,0
14,654,Tibet,3
15,658,Tibet,3
16,710,Tibet,3
17,708,Tibet,3
18,642,Tibet,3
19,1994,Tibet,0
22,646,Tibet,3
23,1776,Tibet,0
24,638,Tibet,3
25,750,Tibet,3
26,1992,Tibet,0
27,1116,Tibet,3
28,588,Tibet,0
29,762,Tibet,3
30,598,Tibet,3
31,648,Tibet,3
32,650,Tibet,3
33,1120,Tibet,3
35,706,Tibet,3
37,752,Tibet,3
38,656,Tibet,3
39,652,Tibet,3
40,608,Tibet,3
41,748,Tibet,3
42,760,Tibet,3
43,612,Tibet,3
44,622,Tibet,3
45,1124,Tibet,3
47,758,Tibet,3
48,776,Tibet,3
49,1862,Tibet,0
50,606,Tibet,0
51,756,Tibet,3
52,702,Tibet,3
53,1122,Tibet,3
54,1110,Tibet,3
58,1874,Tibet,0
60,1868,Tibet,0
62,700,Tibet,3
64,1860,Tibet,0
68,670,Tibet,3
74,678,Tibet,3
75,674,Tibet,3
76,676,Tibet,3
78,704,Tibet,3
81,632,Tibet,3
83,712,Tibet,3
84,1870,Tibet,0
89,778,Tibet,3
90,616,Tibet,3
92,764,Tibet,3
94,746,Tibet,3
95,634,Tibet,3
97,774,Tibet,3
98,1872,Tibet,0
99,666,Tibet,3
100,770,Tibet,3
101,744,Tibet,3
102,754,Tibet,3
105,636,Tibet,3
106,714,Tibet,3
107,784,Tibet,3
109,610,Tibet,3
110,742,Tibet,3
111,1142,Tibet,0
113,630,Tibet,3
115,614,Tibet,3
117,724,Tibet,3
121,1140,Tibet,0
122,786,Tibet,3
124,624,Tibet,3
127,1128,Tibet,3
130,1138,Tibet,0
134,782,Tibet,3
139,668,Tibet,3
141,1884,Tibet,0
143,672,Tibet,3
144,738,Tibet,3
145,814,Tibet,3
147,816,Tibet,3
148,740,Tibet,3
153,1898,Tibet,0
155,680,Tibet,3
158,1886,Tibet,0
160,768,Tibet,3
161,664,Tibet,3
162,772,Tibet,3
163,780,Tibet,3
167,788,Tibet,3
168,808,Tibet,3
169,628,Tibet,3
170,626,Tibet,3
171,730,Tibet,3
172,812,Tibet,3
174,698,Tibet,3
175,718,Tibet,3
177,1038,Tibet,3
178,736,Tibet,3
179,810,Tibet,3
180,682,Tibet,3
181,818,Tibet,3
190,1034,Tibet,3
193,1914,Tibet,0
196,696,Tibet,3
214,1900,Tibet,0
220,794,Tibet,3
226,1916,Tibet,0
244,694,Tibet,3
245,856,Tibet,3
246,854,Tibet,3
257,858,Tibet,3
260,688,Tibet,3
276,806,Tibet,3
277,802,Tibet,3
284,1326,Tibet,0
291,1906,Tibet,0
299,1904,Tibet,0
304,684,Tibet,3
309,840,Tibet,3
314,722,Tibet,3
337,1074,Tibet,3
338,1068,Tibet,3
347,834,Tibet,3
358,832,Tibet,3
366,824,Tibet,3
367,864,Tibet,3
414,1062,Tibet,3
421,1334,Tibet,0
483,766,Tibet,3
484,790,Tibet,3
496,880,Tibet,3
510,734,Tibet,3
512,1058,Tibet,3
555,792,Tibet,3
599,1312,Tibet,0
609,1042,Tibet,3
610,626,Tibet,3
614,1316,Tibet,0
621,1336,Tibet,0
625,892,Tibet,3
635,2904,Tibet,0
639,796,Tibet,3
646,872,Tibet,3
647,1108,Tibet,3
671,1310,Tibet,3
672,1330,Tibet,0
689,822,Tibet,3
707,1108,Tibet,3
712,938,Tibet,3
720,1056,Tibet,3
742,1052,Tibet,3
751,1064,Tibet,3
756,884,Tibet,3
773,1070,Tibet,3
778,804,Tibet,3
797,838,Tibet,3
802,1076,Tibet,3
811,1338,Tibet,0
820,1072,Tibet,3
854,924,Tibet,3
855,868,Tibet,3
856,2620,India,0
868,820,Tibet,3
874,1060,Tibet,3
899,836,Tibet,3
925,914,Tibet,3
926,878,Tibet,3
959,2906,Tibet,0
990,1080,Tibet,3
995,860,Tibet,3
996,1086,Tibet,3
1015,846,Tibet,3
1021,850,Tibet,3
1031,798,Tibet,3
1032,842,Tibet,3
1033,6284,Tibet,3
1035,1078,Tibet,3
1058,922,Tibet,3
1063,888,Tibet,3
1082,800,Tibet,3
1084,848,Tibet,3
1100,866,Tibet,3
1101,862,Tibet,3
1102,894,Tibet,3
1111,844,Tibet,3
1126,930,Tibet,3
1136,6274,Tibet,3
1140,928,Tibet,3
1143,406,Tibet,0
1160,932,Tibet,3
1177,1084,Tibet,3
1215,6282,Tibet,3
1254,912,Tibet,3
1259,6276,Tibet,3
1288,2614,India,0
1313,6280,Tibet,3
1314,1082,Tibet,3
1341,900,Tibet,3
1342,2850,Tibet,0
1408,920,Tibet,3
1431,6270,Tibet,3
1441,2608,India,0
1461,6264,Tibet,3
1462,6268,Tibet,3
1508,6272,Tibet,3
1593,910,Tibet,3
1597,2848,Tibet,0
1615,1264,Tibet,0
1621,982,Tibet,3
1641,2618,India,0
1642,2616,India,0
1643,412,Tibet,0
1669,898,Tibet,3
1682,916,Tibet,3
1683,918,Tibet,3
1688,6286,Tibet,3
1710,986,Tibet,3
1728,410,Tibet,0
1730,1100,Tibet,3
1737,6288,Tibet,3
1763,990,Tibet,3
1767,886,Tibet,3
1773,1096,Tibet,3
1792,960,Tibet,3
1802,6290,Tibet,3
1803,6266,Tibet,3
1808,1252,Tibet,0
1812,896,Tibet,3
1816,902,Tibet,3
1828,960,Tibet,3
1830,4278,India,3
1833,6250,Tibet,3
1840,6262,Tibet,3
1841,6260,Tibet,3
1842,6254,Tibet,3
1851,984,Tibet,3
1854,4300,India,3
1855,4296,India,3
1864,4282,India,3
1867,2630,India,0
1868,1106,Tibet,3
1873,988,Tibet,3
1880,1002,Tibet,3
1883,6314,Tibet,3
1888,6318,Tibet,3
1891,6300,Tibet,3
1894,6322,Tibet,3
1909,904,Tibet,3
1914,992,Tibet,3
1917,950,Tibet,3
1918,952,Tibet,3
1920,998,Tibet,3
1921,908,Tibet,3
1923,2942,Tibet,0
1924,996,Tibet,3
1925,4462,India,3
1926,1240,Tibet,0
1927,1238,Tibet,0
1928,6258,Tibet,3
1930,6306,Tibet,3
1931,994,Tibet,3
1932,4280,India,3
1933,6256,Tibet,3
1934,2992,Tibet,0
1935,6308,Tibet,3
1938,1026,Tibet,3
1940,6252,Tibet,3
1941,6292,Tibet,3
1943,2960,Tibet,0
1944,2962,Tibet,0
1945,6248,Tibet,3
1946,2954,Tibet,0
1947,1008,Tibet,3
1948,4298,India,3
1949,4302,India,3
1950,6324,Tibet,3
1951,1256,Tibet,0
1952,2996,Tibet,0
1953,2956,Tibet,0
1954,6316,Tibet,3
1956,6320,Tibet,3
1957,2664,India,0
1958,4274,India,3
1959,6326,Tibet,3
1960,1262,Tibet,0
1961,6302,Tibet,3
1963,1260,Tibet,0
1964,4276,India,3
1965,958,Tibet,3
1967,1020,Tibet,3
1968,4294,India,3
1969,966,Tibet,3
1971,6304,Tibet,3
1972,2990,Tibet,0
1973,2988,Tibet,0
1974,4478,India,3
1976,6294,Tibet,3
1977,962,Tibet,3
1978,980,Tibet,3
1981,4286,India,3
1983,1018,Tibet,3
1984,6310,Tibet,3
1991,6330,Tibet,3
1992,1004,Tibet,3
1993,6240,Tibet,3
1994,1006,Tibet,3
1995,956,Tibet,3
1997,968,Tibet,3
2000,972,Tibet,3
2002,1028,Tibet,3
2003,6360,Tibet,3
2006,954,Tibet,3
2007,976,Tibet,3
2008,6352,Tibet,3
2009,6238,Tibet,3
2010,974,Tibet,3
2011,4304,India,3
2012,4464,India,3
2013,6332,Tibet,3
2015,6296,Tibet,3
2016,6298,Tibet,3
2017,4272,India,3
2018,4460,India,3
2019,6246,Tibet,3
2020,6236,Tibet,3
2021,2998,Tibet,0
2023,6350,Tibet,3
2026,4292,India,3
2028,4480,India,3
2029,6242,Tibet,3
2031,4288,India,3
2032,4284,India,3
2033,6244,Tibet,3
2035,1010,Tibet,3
2038,1012,Tibet,3
2040,1022,Tibet,3
2041,6328,Tibet,3
2042,1024,Tibet,3
2044,4458,India,3
2050,4568,India,3
2051,6334,Tibet,3
2052,6234,Tibet,3
2053,2666,India,0
2054,4570,India,3
2055,6336,Tibet,3
2056,4270,India,3
2057,4328,India,3
2058,6348,Tibet,3
2060,6344,Tibet,3
2061,6230,Tibet,3
2065,6366,Tibet,3
2066,6368,Tibet,3
2068,1016,Tibet,3
2070,6454,Nepal,1
2072,6232,Tibet,3
2073,6354,Tibet,3
2074,4466,India,3
2076,6362,Tibet,3
2077,3002,Tibet,0
2078,4476,India,3
2079,4290,India,3
2080,4268,India,3
2082,4566,India,3
2085,6228,Tibet,3
2091,1030,Tibet,3
2092,6476,Nepal,1
2093,6376,Tibet,3
2094,4266,India,3
2095,4308,India,3
2096,6342,Tibet,3
2097,6338,Tibet,3
2098,6340,Tibet,3
2100,4456,India,3
2101,6356,Tibet,3
2102,6364,Tibet,3
2103,4468,India,3
2104,6452,Nepal,1
2105,4558,India,3
2106,6466,Tibet,2
2108,6460,Nepal,2
2109,4306,India,3
2111,6358,Tibet,3
2112,6226,Tibet,3
2115,6450,Nepal,1
2116,6478,Nepal,2
2119,4454,India,3
2120,4452,India,3
2121,6374,Tibet,3
2122,2670,India,0
2124,6474,Nepal,1
2125,6464,Tibet,2
2126,6468,Nepal,2
2127,4560,India,3
2128,4572,India,3
2130,4564,India,3
2131,4312,India,3
2132,6462,Nepal,2
2133,4330,India,3
2134,6456,Nepal,1
2135,4264,India,3
2136,6620,Nepal,2
2137,3004,Tibet,0
2138,6448,Nepal,1
2140,4262,India,3
2142,4310,India,3
2144,6470,Tibet,2
2146,6400,Tibet,3
2149,6472,Nepal,2
2150,6444,Nepal,2
2151,4316,India,3
2152,4562,India,3
2153,6382,Tibet,3
2154,6380,Tibet,3
2155,6446,Nepal,2
2156,4556,India,3
2158,6224,Tibet,3
2159,4326,India,3
2160,6370,Tibet,3
2161,6372,Tibet,3
2162,4470,India,3
2163,6634,Nepal,2
2164,4450,India,3
2165,6632,Nepal,2
2166,6398,Tibet,3
2167,6480,Nepal,2
2168,4554,India,3
2172,6220,Tibet,3
2174,6396,Tibet,3
2175,6622,Nepal,2
2176,4260,India,3
2177,6384,Tibet,3
2178,4576,India,3
2179,4314,India,3
2180,6218,Tibet,3
2181,4574,India,3
2182,4324,India,3
2183,4448,India,3
2186,4472,India,3
2188,6378,Tibet,3
2189,6616,Nepal,2
2192,3022,Tibet,0
2194,4332,India,3
2195,6402,Tibet,3
2198,4482,India,3
2200,6630,Nepal,2
2205,4588,India,3
2206,6442,Nepal,2
2207,6214,Tibet,3
2208,4546,India,3
2209,4258,India,3
2210,3254,India,0
2211,6618,Nepal,2
2212,4548,India,3
2213,4550,India,3
2214,4318,India,3
2216,6202,Tibet,3
2217,6484,Nepal,2
2218,6614,Nepal,2
2219,4446,India,3
2220,6438,Nepal,2
2221,6486,Nepal,2
2222,6386,Tibet,3
2225,6388,Tibet,3
2226,3024,Tibet,0
2227,6482,Nepal,1
2229,6440,Nepal,2
2230,6610,Nepal,2
2231,3028,Tibet,0
2232,6212,Tibet,3
2233,3030,Tibet,0
2235,6436,Nepal,2
2236,4552,India,3
2238,6432,Nepal,2
2239,4334,India,3
2240,4590,India,2
2244,6390,Tibet,3
2248,4544,India,3
2249,4442,India,3
2250,6608,Nepal,2
2251,6208,Tibet,3
2252,6490,Nepal,1
2253,4440,India,3
2254,4438,India,3
2255,6496,Nepal,2
2256,6210,Tibet,3
2257,4592,India,2
2258,4320,India,3
2259,4580,India,3
2260,4346,India,3
2261,6604,Nepal,2
2262,4488,India,3
2263,4256,India,3
2265,6636,Nepal,2
2266,6424,Tibet,3
2267,4584,India,2
2269,3256,India,0
2270,3986,India,3
2271,6628,Nepal,2
2272,3090,Tibet,0
2273,6638,Nepal,2
2274,6606,Nepal,2
2275,6626,Nepal,2
2276,4322,India,3
2277,4596,India,2
2278,4594,India,2
2279,4542,India,3
2280,4578,India,3
2285,6392,Tibet,3
2288,6204,Tibet,3
2289,6434,Nepal,2
2290,6394,Tibet,3
2292,6404,Tibet,3
2296,4348,India,3
2297,4444,India,3
2298,4492,India,3
2300,6492,Nepal,2
2301,6428,Tibet,3
2302,6624,Nepal,2
2303,4336,India,3
2304,6192,Nepal,2
2305,4538,India,3
2306,6196,Tibet,3
2308,6430,Nepal,2
2309,6488,Nepal,2
2311,4484,India,3
2312,4436,India,3
2315,4582,India,3
2316,4486,India,3
2317,6602,Nepal,2
2318,6644,Tibet,1
2320,6406,Tibet,3
2322,6188,Nepal,2
2323,6642,Nepal,2
2325,4350,India,3
2326,4254,India,3
2328,4608,Nepal,2
2329,4602,Nepal,2
2330,4344,India,3
2331,4490,India,3
2332,6190,Nepal,2
2333,6592,Nepal,2
2334,4250,India,3
2335,4252,India,3
2336,4434,India,3
2337,4432,India,3
2338,6598,Nepal,2
2339,3988,India,3
2341,4600,Nepal,2
2342,6528,Nepal,2
2343,6530,Nepal,2
2344,6640,Nepal,2
2345,4540,India,3
2346,4494,India,3
2347,6176,Nepal,2
2348,6408,Tibet,3
2350,6412,Tibet,3
2351,4536,India,2
2352,6194,Tibet,3
2356,4342,India,3
2357,6646,Tibet,2
2359,3984,India,3
2361,6556,Nepal,2
2363,6186,Nepal,2
2364,6498,Nepal,2
2365,6558,Nepal,2
2368,6600,Nepal,2
2369,6426,Tibet,2
2370,4104,India,0
2371,4354,India,3
2372,4606,Nepal,2
2373,4610,Nepal,2
2374,4530,India,3
2375,6422,Tibet,3
2376,3120,Tibet,0
2379,6410,Tibet,3
2380,4534,India,2
2381,6596,Nepal,2
2382,4430,India,3
2383,4496,India,3
2385,6500,Nepal,2
2386,6416,Tibet,3
2387,4248,India,4
2388,4418,India,3
2389,6590,Nepal,2
2390,4604,Nepal,2
2391,4522,India,3
2393,4612,Nepal,2
2394,6414,Tibet,3
2395,6526,Nepal,2
2396,6648,Nepal,2
2397,4598,Nepal,2
2398,3110,Tibet,0
2402,4428,India,3
2406,4498,India,3
2407,6184,Nepal,2
2408,6560,Nepal,2
2410,4246,India,3
2411,4338,India,4
2412,3116,Tibet,0
2413,3118,Tibet,0
2414,6502,Nepal,2
2415,6506,Nepal,2
2416,6554,Nepal,2
2417,6588,Nepal,2
2418,4362,India,3
2419,4614,Nepal,2
2420,3980,India,4
2421,3112,Tibet,0
2422,3104,Tibet,0
2423,4532,Nepal,2
2424,4526,India,3
2425,6180,Nepal,2
2426,6532,Nepal,2
2427,6504,Nepal,2
2428,4416,India,3
2430,6594,Nepal,2
2431,6562,Nepal,2
2433,4624,Nepal,2
2434,4426,India,3
2435,6524,Nepal,2
2437,4528,India,2
2438,6552,Nepal,2
2439,6586,Nepal,2
2440,6650,Nepal,2
2441,6550,Nepal,2
2442,4422,India,3
2443,6546,Nepal,2
2444,6666,Nepal,2
2446,6508,Nepal,2
2447,4616,Nepal,2
2450,6420,Tibet,3
2451,4244,India,4
2452,6518,Nepal,2
2456,6172,Nepal,2
2457,6582,Nepal,2
2458,6510,Nepal,2
2461,6516,Nepal,2
2462,6726,Nepal,2
2463,6514,Nepal,2
2464,6166,Nepal,2
2465,6724,Nepal,2
2466,4420,India,3
2467,4424,India,3
2470,3994,India,4
2472,4514,India,3
2473,4340,India,4
2474,6418,Tibet,3
2475,6178,Nepal,2
2476,6174,Nepal,2
2477,4618,Nepal,2
2478,6576,Nepal,2
2480,4524,India,3
2481,4626,Nepal,2
2482,4242,India,4
2483,6584,Nepal,2
2484,6738,Nepal,1
2485,6522,Nepal,2
2486,6652,Nepal,2
2487,4622,Nepal,2
2488,4620,Nepal,2
2490,5760,Nepal,2
2491,6168,Nepal,2
2492,6566,Nepal,2
2493,6570,Nepal,2
2495,4414,India,4
2496,5786,Nepal,2
2497,4520,India,3
2498,4360,India,3
2501,6520,Nepal,2
2502,4356,India,4
2504,6534,Nepal,2
2507,4504,India,4
2508,3990,India,3
2509,6580,Nepal,2
2510,4364,India,3
2511,4412,India,3
2513,4352,India,4
2514,4518,Nepal,3
2516,6578,Nepal,2
2517,3280,Tibet,0
2518,6164,Nepal,2
2519,6662,Nepal,2
2520,6668,Nepal,2
2521,6722,Nepal,2
2522,6544,Nepal,2
2523,6548,Nepal,2
2524,6740,Nepal,2
2525,5792,Nepal,2
2526,3982,India,4
2527,4628,Nepal,2
2528,5758,Nepal,2
2529,6162,Nepal,2
2531,6746,Nepal,1
2532,4632,Nepal,2
2533,4516,Nepal,3
2534,5744,Nepal,2
2535,4510,India,3
2536,6664,Nepal,2
2537,5746,Nepal,2
2539,6536,Nepal,2
2540,4738,Nepal,2
2541,6654,Nepal,2
2543,4410,India,4
2544,4408,India,3
2546,4240,India,4
2547,4740,Nepal,2
2548,6156,Nepal,2
2549,4366,India,4
2550,6158,Nepal,2
2552,4512,Nepal,3
2553,3282,Tibet,0
2555,4500,India,3
2556,4112,India,0
2558,5756,Nepal,2
2562,5784,Nepal,2
2564,6660,Nepal,2
2566,3974,India,3
2567,6572,Nepal,2
2568,6748,Nepal,2
2569,6574,Nepal,2
2570,4630,Nepal,2
2571,4742,Nepal,2
2572,6542,Nepal,2
2573,6658,Nepal,2
2574,6736,Nepal,2
2575,4238,India,4
2576,5788,Nepal,2
2577,4506,Nepal,2
2579,6670,Nepal,2
2580,6732,Nepal,1
2582,4508,Nepal,4
2584,4114,India,0
2585,4644,India,3
2587,5796,Nepal,2
2588,5790,Nepal,2
2590,4502,Nepal,2
2591,4736,Nepal,2
2592,5794,Nepal,2
2593,6154,Nepal,2
2596,6564,Nepal,2
2599,5798,Nepal,2
2600,4636,Nepal,3
2602,4372,India,3
2604,6568,Nepal,2
2605,5742,Nepal,2
2607,6540,Nepal,2
2609,5748,Nepal,2
2611,6538,Nepal,2
2612,6718,Nepal,2
2613,3992,India,3
2614,4640,Nepal,2
2615,6872,Nepal,0
2616,6656,Nepal,2
2617,4406,India,2
2618,4734,Nepal,2
2620,5762,Nepal,2
2621,3978,India,4
2622,6710,Nepal,2
2623,4744,Nepal,2
2624,6152,Nepal,2
2625,5782,Nepal,2
2627,4642,Nepal,3
2628,4368,India,4
2630,5778,Nepal,2
2631,6150,Nepal,2
2632,6744,Nepal,2
2633,6090,Nepal,0
2634,4722,Nepal,2
2635,3996,India,4
2638,4236,India,4
2639,5780,Nepal,2
2640,6702,Nepal,2
2641,4646,Nepal,2
2642,6674,Nepal,2
2643,6742,Nepal,1
2644,6734,Nepal,2
2647,4732,Nepal,2
2648,6092,Nepal,0
2649,6728,Nepal,2
2650,5754,Nepal,2
2651,4746,Nepal,2
2653,4402,India,3
2655,6094,Nepal,0
2658,5800,Nepal,2
2662,5740,Nepal,2
2663,5772,Nepal,2
2664,4404,India,2
2666,6148,Nepal,2
2667,4728,Nepal,2
2668,4116,India,0
2669,6752,Nepal,2
2670,6720,Nepal,2
2671,4730,Nepal,2
2672,5752,Nepal,2
2673,6672,Nepal,2
2674,6088,Nepal,0
2675,6098,Nepal,0
2677,6750,Nepal,2
2679,4638,Nepal,3
2680,6676,Nepal,2
2681,3976,India,3
2682,4370,India,4
2683,4400,Nepal,3
2686,5776,Nepal,2
2687,3972,India,4
2688,5764,Nepal,2
2689,4374,India,4
2690,3998,India,4
2691,4006,India,4
2694,4398,India,3
2695,4720,Nepal,2
2697,6714,Nepal,2
2699,5820,Nepal,2
2700,4004,India,4
2701,5826,Nepal,2
2702,6754,Nepal,2
2703,6684,Nepal,2
2704,6686,Nepal,2
2705,6096,Nepal,0
2706,4376,India,4
2707,4392,India,4
2708,6146,Nepal,2
2709,5736,Nepal,2
2710,4696,Nepal,3
2711,4712,Nepal,3
2712,5750,Nepal,2
2713,6698,Nepal,2
2714,6694,Nepal,2
2715,3970,India,4
2716,5738,Nepal,2
2717,4694,Nepal,3
2718,6770,Nepal,2
2719,4394,Nepal,3
2720,5766,Nepal,2
2721,6864,Nepal,0
2722,6712,Nepal,2
2723,4396,Nepal,3
2725,5802,Nepal,2
2727,6756,Nepal,2
2728,4002,India,4
2729,4388,India,4
2731,4648,Nepal,3
2732,6706,Nepal,2
2734,4382,India,4
2736,4000,India,4
2738,6708,Nepal,2
2741,4754,Nepal,2
2742,5768,Nepal,2
2743,4726,Nepal,2
2744,6080,Nepal,0
2747,3968,India,3
2748,5774,Nepal,2
2749,4234,India,4
2750,4650,Nepal,2
2752,4750,Nepal,2
2753,6142,Nepal,2
2755,5818,Nepal,2
2756,6758,Nepal,2
2757,4136,India,4
2758,4718,Nepal,3
2759,4724,Nepal,2
2760,4758,Nepal,2
2761,5770,Nepal,3
2762,6144,Nepal,2
2763,6086,Nepal,2
2764,6682,Nepal,2
2765,6700,Nepal,2
2766,3964,India,4
2768,6696,Nepal,2
2769,6704,Nepal,2
2770,5734,Nepal,2
2772,4122,India,0
2773,6692,Nepal,2
2775,6768,Nepal,2
2776,4692,Nepal,2
2777,5652,Nepal,2
2779,4390,Nepal,3
2781,4008,India,4
2782,3966,India,3
2783,6760,Nepal,2
2784,6130,Nepal,2
2787,4748,Nepal,2
2791,5824,Nepal,2
2792,5816,Nepal,2
2794,5732,Nepal,2
2795,6082,Nepal,0
2797,6140,Nepal,2
2799,5828,Nepal,2
2801,4660,India,4
2803,6138,Nepal,2
2805,4752,Nepal,2
2806,5708,Nepal,2
2807,6772,Nepal,2
2808,6858,Nepal,0
2809,5710,Nepal,2
2810,6766,Nepal,2
2812,3962,India,3
2814,4652,Nepal,3
2815,4386,Nepal,3
2816,4384,Nepal,3
2817,4698,Nepal,3
2818,5812,Nepal,2
2819,4714,Nepal,2
2821,5814,Nepal,2
2822,4756,Nepal,2
2823,6074,Nepal,2
2824,4380,India,4
2825,4762,Nepal,2
2826,6764,Nepal,2
2827,5728,Nepal,2
2828,5808,Nepal,2
2829,4124,India,0
2830,6134,Nepal,2
2831,6688,Nepal,2
2834,4760,Nepal,2
2835,4138,India,4
2837,3960,India,3
2839,6136,Nepal,2
2840,4704,Nepal,3
2842,4710,Nepal,2
2843,4134,India,3
2844,4688,Nepal,3
2845,5822,Nepal,2
2846,6762,Nepal,2
2847,5730,Nepal,3
2848,6132,Nepal,2
2849,4140,India,4
2850,3956,India,4
2852,4232,India,4
2853,4706,Nepal,3
2854,4010,India,4
2855,6774,Nepal,2
2856,4708,Nepal,2
2857,6118,Nepal,2
2858,4654,Nepal,3
2859,6778,Nepal,2
2860,4050,India,0
2861,4128,India,3
2862,4764,Nepal,3
2864,6128,Nepal,2
2865,5830,Nepal,2
2866,4230,India,4
2867,4378,Nepal,3
2868,5804,Nepal,3
2869,4656,India,3
2871,6776,Nepal,2
2872,6678,Nepal,2
2873,6680,Nepal,2
2875,4132,India,3
2877,6690,Nepal,2
2878,5706,Nepal,3
2879,4690,Nepal,3
2880,6064,Nepal,0
2881,5810,Nepal,3
2882,6780,Nepal,2
2883,3958,India,3
2884,6066,Nepal,0
2885,4678,Nepal,2
2886,4682,Nepal,3
2888,6784,Nepal,0
2889,6126,Nepal,0
2891,5650,Nepal,3
2892,4228,Nepal,3
2893,5834,Nepal,2
2894,4142,India,3
2895,4012,India,4
2896,4684,Nepal,3
2898,4130,India,3
2899,4766,Nepal,3
2900,4686,Nepal,3
2901,6124,Nepal,2
2902,3954,India,4
2903,4702,Nepal,2
2904,5712,Nepal,3
2905,6122,Nepal,2
2906,5806,Nepal,3
2908,5726,Nepal,3
2909,4014,India,4
2910,5638,Nepal,2
2911,4126,India,3
2912,4020,India,3
2913,4022,India,4
2914,5654,Nepal,2
2915,6790,Nepal,0
2916,4664,Nepal,3
2917,6836,Nepal,0
2918,4700,Nepal,3
2920,6782,Nepal,2
2921,4218,Nepal,3
2922,6070,Nepal,2
2923,6110,Nepal,2
2924,4674,Nepal,2
2925,4144,India,3
2926,3950,India,4
2927,4048,India,0
2928,4046,India,0
2929,5696,Nepal,3
2930,5694,Nepal,3
2931,5832,Nepal,3
2932,6786,Nepal,2
2933,4226,India,3
2934,4658,India,4
2935,6832,Nepal,0
2936,6838,Nepal,0
2937,4768,Nepal,2
2938,5836,Nepal,2
2939,5484,Nepal,0
2940,4662,India,4
2941,5636,Nepal,2
2943,4224,India,3
2944,4220,India,4
2946,5724,Nepal,2
2947,6788,Nepal,2
2948,3944,India,4
2949,5692,Nepal,3
2950,5722,Nepal,3
2951,5838,Nepal,3
2952,5704,Nepal,3
2953,5718,Nepal,3
2954,4680,Nepal,3
2955,6120,Nepal,0
2956,4016,India,4
2958,4670,Nepal,2
2959,6824,Nepal,0
2960,4024,India,4
2961,5482,Nepal,0
2962,4676,Nepal,3
2963,3948,India,3
2965,4222,India,3
2966,6810,Nepal,0
2967,6808,Nepal,0
2968,4672,Nepal,2
2969,6112,Nepal,2
2970,6114,Nepal,2
2971,4216,India,4
2972,4770,Nepal,3
2973,6116,Nepal,2
2975,4044,India,3
2976,4772,Nepal,2
2977,6054,Nepal,2
2978,6108,Nepal,2
2979,4666,India,4
2980,4042,India,3
2981,5480,Nepal,0
2982,5644,Nepal,2
2983,6804,Nepal,0
2985,5634,Nepal,2
2986,4774,Nepal,2
2987,5842,Nepal,3
2988,3946,India,4
2989,4026,India,4
2990,4040,India,3
2994,3942,India,3
2995,6100,Nepal,0
2996,5640,Nepal,3
2997,5690,Nepal,3
2998,4200,India,3
2999,6052,Nepal,0
3000,6106,Nepal,0
3001,4668,Nepal,3
3003,5870,Nepal,2
3004,5720,Nepal,3
3006,4778,Nepal,2
3007,4780,Nepal,3
3009,5642,Nepal,3
3010,5646,Nepal,2
3011,6050,Nepal,0
3013,5840,Nepal,3
3014,4212,Nepal,2
3015,5648,Nepal,3
3016,5716,Nepal,2
3019,5632,Nepal,2
3020,4788,India,3
3021,4028,India,4
3022,4202,India,3
3023,4210,India,3
3026,4782,Nepal,2
3028,5714,Nepal,3
3029,5846,Nepal,3
3030,4034,India,3
3031,5688,Nepal,3
3032,3940,India,3
3034,5630,Nepal,2
3035,5866,Nepal,3
3036,5700,Nepal,2
3037,5844,Nepal,3
3038,5474,Nepal,0
3039,4038,India,0
3040,4036,India,0
3041,5872,Nepal,3
3042,5702,Nepal,3
3043,5656,Nepal,3
3044,5666,Nepal,2
3045,4198,India,3
3046,4784,Nepal,3
3047,4838,Nepal,3
3048,5628,Nepal,2
3049,4776,Nepal,2
3052,5848,Nepal,3
3053,5676,Nepal,3
3054,3936,India,4
3056,5626,Nepal,3
3057,5698,Nepal,2
3058,4032,India,0
3059,5682,Nepal,3
3060,4790,Nepal,2
3061,5850,Nepal,3
3062,4842,Nepal,2
3065,5686,Nepal,3
3066,5464,Nepal,0
3067,4836,Nepal,2
3068,4834,Nepal,2
3070,5624,Nepal,3
3071,5614,Nepal,2
3073,4208,Nepal,2
3074,4786,Nepal,3
3075,5620,Nepal,2
3076,4206,Nepal,2
3081,5612,Nepal,2
3082,4030,India,3
3083,3938,India,3
3084,5658,Nepal,2
3085,4826,Nepal,2
3086,5684,Nepal,2
3087,5466,Nepal,0
3088,5864,Nepal,2
3089,4844,Nepal,3
3091,5680,Nepal,3
3092,5672,Nepal,3
3094,5662,Nepal,2
3096,4196,India,4
3097,4828,Nepal,2
3098,5678,Nepal,3
3099,5852,Nepal,3
3101,3934,India,0
3102,3932,India,3
3103,4188,India,0
3105,5618,Nepal,2
3106,4846,Nepal,3
3107,4830,Nepal,2
3109,4204,Nepal,4
3110,4194,India,4
3111,5674,Nepal,3
3112,5458,Nepal,0
3113,5610,Nepal,2
3114,5598,Nepal,2
3115,3930,India,3
3116,4794,Nepal,2
3117,4822,Nepal,2
3118,4792,Nepal,2
3119,5668,Nepal,2
3120,5854,Nepal,3
3121,5862,Nepal,3
3125,5874,Nepal,3
3129,4796,Nepal,2
3130,5670,Nepal,3
3131,4192,India,2
3132,5660,Nepal,2
3135,5442,Nepal,0
3136,5596,Nepal,3
3137,4824,Nepal,2
3139,5616,Nepal,0
3140,4848,Nepal,3
3141,5876,Nepal,3
3142,5858,Nepal,3
3144,5860,Nepal,3
3145,4820,Nepal,2
3146,4850,Nepal,3
3147,3928,Nepal,2
3148,5600,Nepal,2
3149,4190,India,0
3150,4818,Nepal,2
3151,5594,Nepal,2
3152,5606,Nepal,2
3154,4798,Nepal,2
3155,5608,Nepal,2
3156,5592,Nepal,2
3157,5588,Nepal,0
3158,5880,Nepal,0
3159,4810,Nepal,2
3160,5604,Nepal,2
3161,5878,Nepal,0
3162,5432,Nepal,0
3163,5434,Nepal,0
3164,4878,Nepal,0
3165,4874,Nepal,0
3166,4882,Nepal,0
3167,4808,Nepal,0
3168,4884,Nepal,0
3171,3922,India,0
3172,4816,Nepal,2
3173,5590,Nepal,0
3174,5602,Nepal,0
3176,4800,Nepal,2
3177,5888,Nepal,0
3178,4812,Nepal,2
3182,4814,Nepal,0
3183,3920,India,0
3184,3918,Nepal,2
3185,3916,Nepal,0
3186,0,Tibet,0
3188,0,Tibet,0
3192,876,Tibet,3
3194,876,Tibet,3
3196,884,Tibet,3
3200,896,Tibet,3
3206,860,Tibet,3
3209,874,Tibet,3
3211,866,Tibet,3
3212,862,Tibet,3
3214,870,Tibet,3
3217,868,Tibet,3
3218,0,India,3
